Marker,Power_of_Exclusion_PE,Prob_Non_Exclusion_PNE
BM1824,0.575955,0.424045
BM2113,0.641853,0.358147
ETH10,0.56119,0.43881
ETH225,0.627848,0.372152
ETH3,0.537498,0.462502
INRA23,0.612303,0.387697
SPS115,0.480315,0.519685
TGLA122,0.666567,0.333433
TGLA126,0.456504,0.543496
TGLA227,0.75123,0.24877
TGLA53,0.756007,0.243993
